"Amelio, Raquel",science
"Axelrod, Michele",arts
"Baulk, Timothy",arts
"Borshiov, Lilia",arts
"Callas, Victoria",science
"Caravaggio, Christina",french
"Cartmill, Natasha",special
"Chansimao, Vivian",
"Cheng, Victor",
"Cheung, Wilma",
"Choi, Eric",
"Christopoulos, Joanna",
"Chu, Huron",
"Chu, Mona",
"Cimetta, Sebastian",
"Coleman, Patricia",arts
"Dang, Terry",
"D'aversa, Jose",
"Dean, Julie",arts
"Delbianco, Giorgio",
"Diep, Carol",
"Doganoglu, Katrine",
"Fagan, Benjamin",arts
"Ferguson, Joseph",
"Fong, Laura",
"Frappambino, Marianna",
"Fu, Janice",fine arts
"Gad, Salwa",
"Garzon, Carina",
"Geng, Helen",
"Giffen, Jennifer",
"Gissing, Edward",science
"Grigorov, Radomir",
"Haghjoo, Saeideh",
"Hamilton, Marianne C",
"Harris, Jeffery",
"Hatzimalis, Nick",science
"Hazlewood, Ian",
"Hu, Ann",
"Ingber, Joyce J",special
"Irving, Courtney",
"Janmohamed, Nabila",french
"Jmemari, Elham",
"John, Glendon",fine arts
"Johnson, Adrian",arts
"Karo, Roy",
"Kemp, Christopher",science
"Kessel, Sarah",
"Kim, Lucy",
"Kostanenko, Svetlana",
"Lachner, Suzanne",science
"Lane, Janine",
"Leal-d'elia, Anita",
"Lefler, Anat",
"Leung, May",
"Li, Michael",
"Mackinlay, Don",
"Macphail, Carl",
"Mann, Shannon",
"Marcantonio, Adriana",
"Mark, Trevor",
"Marsella, Erin",
"McKague, Colleen",
"Mlotek, Courtney",
"Montgomery, Mary",
"Moscaritolo, Robert",
"Mulla, Cambeez",
"Park, Carina",
"Park, Eurah",
"Pestrin, Claudia",
"Pollock, Charlene",
"Pomakov, Sean",
"Pugh, Elizabeth",
"Rawlins, Cameron",
"Richardson, Cheryl",
"Serjeantson, Wade",
"Shim, Mark",
"Simm, Tania",
"Sinatra, Carmen",
"Smiley, Jesse",
"Soloway, Zelig",
"Spasopoulos, Maryann",
"Spatafora, Linda",
"Stinson, Helen",
"Stretten, Maria",
"Timmerman, Mihail",
"Triantafillou, Tony",
"Tsang, Kingeon",
"Walker, Stephen",
"Wang, Li",
"Warkentin-coulter, Glo-dawn",
"Wilson, Anna",
"Woo, Gloria",
"Yousef, Vivian",
"Zsebik, Peter",
