PB1;SNC1D7,PB8;SNC1D1,1035;ENG3C1,1061;CHC2D1,1059;CHC2D1,2018;CHC2D1,Café;CHC2D1,1044;CHC2D1,2044;PAF3O9,2001D;CHC2DG,1037;FSF1DG,2027;BBI2O7,2038A;ICS3U1,1062;SBI3C1,2005;ENG1D1,PB4;ENG1DG,PB6;BAT4M1,1069;AMI3M1,2024A;SNC1P1,2028;SNC1P1,1034;TDJ4M1,1036;IDC3OE,1055;PAI2O1,2023;FSF1P1,1042;KPHCNR,2025;SBI3U1,2011;HFN2O1,1024A;PPL1O8,PB2;HZT4U1,2006;MPM2D1,1014;HIF1O1,2007;MTH1WG,PB7;MTH1W1,2034;MTH1W1,2010A;MTH1W1,PB11;MTH1W7,2024;SCH4UE,1059A;FSF2D1,2009;FSF2D1,PB3;ENG2D1,1032;ENG2DG,PB9;MHF4U1,2038;ICS4U1,2002A;TEJ3M1,1013;AVI1O1,2008;CGC1D1,PB10;CGC1D1,1063;HSB4U1,1024B;PPL4O9,2002;IDC4U3,2026;TIJ1O1,1070;ADA1O1,1031;CLU3M1,PB5;SBI4U1,Library;SNC2D1,2004;SNC2D1,1060;BAF3M1,1050;BAF3M1,
1033;SNC1D1,2027;SNC1D2,2035;SNC1DG,PB10;AWQ4M1,1059A;CHC2D1,1063;BBI2O1,1065;BBI2O1,PB2;BBI2O1,2001D;ICS3U1,PB6;ENG1D1,PB3;HFC3M1,1013;BBB4M1,1032;TEJ4M1,1044;AVI2O1,1059;AVI2O1,1069;AMI1O1,2037;MCR3U1,PB4;MCR3U1,2036;MCR3U1,2005;ENG4U1,2008;ENG4U1,PB7;FSF1P1,2009;AVI4M1,2023;ENG4UE,1024B;PPL3O9,Café;SPH3U1,PB9;SPH3U1,1060;SBI3U1,2011;SBI3U6,1070;ADA2O1,1014;HIF1O1,1035;CGC1P1,2018;MTH1W1,PB11;MTH1W1,1034;SCH4U1,2038A;ICS2OG,1036;BOH4M1,2038;ICS2O1,2025;AWC2O1,2002;ENG2D1,1062;ENG2D1,Library;HSP3U1,2004;MHF4U1,2024;MHF4U1,2024A;AWD3M1,PB1;HFA4U1,2002A;CHV2O1,2026;CHV2O1,1031;BTT1O1,2007;CGC1D1,2034;CGC1D1,1055;CGC1DG,2028;AWJ2O1,2010;PAI1O1,2044;SPH4U1,1024A;PPL2O8,2030;SBI4UE,2010A;SCH3U1,
2026;SNC1D1,2010A;GLE3OT,1040;KCCBND,1062;FSF1D1,1061;FSF1D1,2005;FSF1D1,2037;CHC2D1,2018;FSF1DG,1044;BBI2O1,1055;BBI2O1,2024;BAT4M1,Café;CIA4U1,1013;ESLCO1,1069;AMI1O4,2034;MCR3U6,PB8;FSF1O1,1050;FSF1P1,2025;SBI3U1,PB11;SBI3U1,1037;TGJ2O1,1036;MDM4U1,PB2;MPM2D1,2010;MDM4UE,PB5;PSK4U1,PB10;MTH1W1,2006;SCH4U1,2009;SCH4U1,2001D;ICS2O1,2035;DCO3OC,1033;AWC2O1,2044;COP3X#,1065;ENG2D1,2002A;ENG2D1,2008;ENG2D1,2030;MHF4U6,2027;MHF4U6,1060;MHF4U1,2038A;ICS4U1,1059;HFA4U1,1031;CHV2O1,1032;CHV2O1,1063;CHV2O1,PB1;BTT1O1,PB3;BTT1O1,2002;BMI3C1,PB6;CIE3M1,1070;ADA4M1,PB7;CGC1D1,2028;ENG3U1,2024A;TIJ1O1,2011;SPH4U1,2023;SPH4U1,PB4;SNC2D1,Library;SNC2D1,2036;BAF3M1,
PB6;CLN4U1,2034;FSF1D2,1032;PAF3O9,PB2;FSF1DG,2038A;ICS3U6,PB3;ENG1D1,1035;ENG1D1,PB10;ESLEO1,1061;ENG1DG,1040;KENBND,2009;IDC3OE,1069;AMI1O1,2002;IDC3O1,2023;MCR3U1,1037;ENG4U1,Café;ENG4U1,2027;ENG4U1,1024B;PPL3O9,2025;SPH3U1,2008;SPH3U1,2037;SBI3U1,PB7;TGV3M1,PB8;HFN2O1,2011;HFN2O1,1012;PPL1O8,1024A;PPL1O9,2004;MDM4U1,PB5;MDM4UE,PB11;SCH4U1,2001D;ICS2OG,PB4;ENG2D1,2044;ENG2D1,1060;ENG2D1,2030;ESLDO1,2010;ENG2DG,2026;HSP3U1,1062;MHF4U1,1034;MHF4U1,2035;MHF4U1,PB9;MHF4U1,2024;MHF4U1,Library;CPW4U1,1013;CHV2O1,2010A;AVI1O1,1063;CGC1D1,1050;TDJ3M1,PB1;CGC1D2,2028;PAI1O1,1044;AVI3M1,2005;CHC2P1,2018;ENG3U1,1036;ENG3U1,2006;TIJ1O1,2002A;HPW3C1,1065;ENG3UE,1070;ADA1O1,1055;MCF3M1,2007;CLU3M1,1033;SBI4U1,1059A;SNC2DG,

1035;SNC1D1,2010;SNC1D1,2027;CLN4U1,1069;AMI1OC,2008;ENG1D1,1055;ENG1D1,2001D;HFC3M1,1059A;BBB4M1,1070;ADA3M1,1032;TEJ2O1,2002;ENG4U1,PB9;ENG4U1,1034;SBI3U6,1024B;PPL1O9,2011;HHG4M1,1059;HHG4M1,PB5;MCV4U1,1037;MCV4U1,2010A;MCV4U1,2018;MPM2DG,1033;MDM4U1,1044;MPM2D1,2023;MPM2D1,PB7;MPM2D1,2005;MPM2D2,PB10;MCV4UE,2026;MTH1W1,2038;ICS2O1,1031;DCO3OC,1063;ENG2D1,PB3;HSP3U1,Café;PAF2O9,1062;GLN4OO,1060;HFA4U1,2002A;TEJ3M1,PB6;BTT1O1,2044;CGC1D1,PB2;CGC1D1,Library;FSF4U1,1061;IDC4U1,2009;ENG3U1,2004;ENG3U1,2030;TIJ1O1,1012;PPL2O9,1065;SBI4U1,2035;SCH3U1,PB1;SCH3U6,PB8;SNC2D1,2036;SNC2D1,1013;MBF3C1,
1063;SNC1D1,2006;SNC1DG,PB9;FSF1D1,1062;FSF1D1,1032;CHC2D1,2002;EWC4U1,2024;AWC3O1,2007;BBI2O7,2001D;ICS3U6,1065;ENG1D1,2036;ENG1D1,1037;ENG1DG,2037;AWD4M1,2044;ADB4M1,1042;KPFEND,1050;FSF3U1,1055;FSF1P1,1024A;PPL1O8,1012;PPL1O9,1070;ADA2O1,PB10;MCV4U1,2004;HZT4U1,PB11;MDM4U1,2011;MPM2D1,2010A;MPM2D1,2010;GLS4O1,1061;MCV4UE,PB4;MTH1WG,1033;MTH1W1,2026;SCH4U1,PB6;ENG4C1,1031;DCO3OC,2005;MFM2P1,2008;COP3X#,2028;HSP3U1,2038A;ICS4UE,2038;ICS4UE,2009;AWC4M1,PB3;CHV2O1,2034;CHV2O1,2018;SNC2P1,1059A;BMI3C1,2030;CGC1D1,1024B;PPL4O9,PB8;IDC4U1,2027;ENG3U1,2002A;SPH4U1,PB1;SPH4U1,Library;ENG3UE,2025;CLU3M1,1013;CHY4U1,Café;SCH3U1,2023;SCH3U1,1035;SCH3U6,2035;SNC2D2,PB5;SNC2D1,1036;SNC2D1,
2008;SNC1D1,1059;SNC1D1,2035;ENG3CQ,1063;FSF1D1,1013;BBI2O1,2038A;ICS3U1,2009;ENG1D1,1032;ENG1D2,PB2;BBB4M1,2028;CIA4UE,PB5;AVI2O1,2002;TEJ2O1,2025;AWL3M1,1033;MCR3U6,2026;MCR3U1,1034;MCR3U1,PB4;MCR3U1,2010;FSF1O1,2006;ENG4U1,PB7;ENG4U1,2007;ENG2P1,1024A;PPL1O8,1012;PPL1O9,PB1;MCV4U1,2005;MCV4U1,2018;MPM2D1,PB6;MPM2D1,1065;PSK4U1,1036;MTH1WG,2011;CGG3O1,2030;MTH1W1,PB10;MTH1W7,1060;SCH4U1,2044;PAF4O9,1044;MFM2P1,2001D;ICS4U1,2002A;TEJ3M1,1031;CHV2O1,PB9;AVI1O1,PB8;AVI1O1,1069;AMI2O1,1055;CHC2P1,2027;ENG3U1,PB3;ENG3U1,1037;ADB2O1,2004;SPH4U1,1061;SPH4UE,1070;ADA1O1,2023;SBI4U1,Café;SCH3U1,2024A;SCH3U1,2034;BAF3M1,
2026;SNC1D7,1059A;SNC1DG,1041;KGLEND,2024A;FSF1D1,PB8;CHC2D1,2007;CHC2DG,PB11;BBI2O1,PB9;GLE1O1,1043;KMMGNR,1032;TEJ2O1,1033;MCR3U6,PB5;MCR3U6,2037;FSF3U1,1063;ENG4U1,PB4;ENG4UE,2035;SPH3U1,2023;SPH3U1,1060;SPH3U1,2028;TGV3M1,2018;HFN2O1,1059;TGJ2O1,1012;PPL1O8,1024A;PPL1O9,1024B;PPL1O9,1062;MCV4U1,2010A;MCV4U1,2010;MPM2DG,2027;MPM2D1,1014;HIF1O1,1044;CGC1P1,PB10;SCH4U1,Café;BOH4M1,2038A;ICS2O1,2005;FSF2D1,2025;ENG2D1,1065;PAF2O9,Library;CHV2O1,2036;CHV2O1,2004;SNC2P1,1031;BTT1O1,2011;GLE4O1,1036;AVI1O1,2006;AVI1O1,PB3;FSF4U1,2001D;CGC1DG,2002;CGC1DG,1061;TDJ3M1,1069;AMI2O1,2044;PAI1O1,PB1;HSB4U1,PB7;IDC4UE,2002A;IDC4UE,1035;ENG3U1,1070;ADA1O1,1050;SBI4U1,2008;TGV4M1,1037;SCH3U1,2009;SNC2D1,PB6;SNC2D1,1034;SNC2DG,
1069;AMR1O1,1069;AMR3M1,1069;AMR2O1,1069;AMR4M1,
